{"cameraMode":{"drawMode":0,"name":"Shaded","section":"Shading Mode"},"sceneLighting":true,"audioPlay":false,"sceneViewState":{"showFog":true,"showMaterialUpdate":true,"showSkybox":true,"showFlares":true,"showImageEffects":true,"showParticleSystems":true},"in2DMode":false,"pivot":{"x":-2.528409481048584,"y":0.4951874017715454,"z":-4.570218563079834},"rotation":{"x":0.20680589973926545,"y":0.1689091920852661,"z":-0.03620658814907074,"w":0.9631362557411194},"size":1.097771406173706,"orthographic":false}