{"cameraMode":{"drawMode":0,"name":"Shaded","section":"Shading Mode"},"sceneLighting":true,"audioPlay":false,"sceneViewState":{"showFog":true,"showMaterialUpdate":true,"showSkybox":true,"showFlares":true,"showImageEffects":true,"showParticleSystems":true},"in2DMode":false,"pivot":{"x":-0.7596756219863892,"y":0.39317190647125246,"z":-2.96205735206604},"rotation":{"x":0.1995777040719986,"y":-0.029458986595273019,"z":0.006113782525062561,"w":0.979538083076477},"size":1.3094141483306885,"orthographic":false}