{"cameraMode":{"drawMode":0,"name":"Shaded","section":"Shading Mode"},"sceneLighting":true,"audioPlay":false,"sceneViewState":{"showFog":true,"showMaterialUpdate":true,"showSkybox":true,"showFlares":true,"showImageEffects":true,"showParticleSystems":true},"in2DMode":false,"pivot":{"x":-2.13938045501709,"y":0.9935397505760193,"z":-1.6948699951171876},"rotation":{"x":-0.04497724398970604,"y":-0.024482646957039834,"z":0.0010294661624357105,"w":-0.9988044500350952},"size":1.7341368198394776,"orthographic":false}