{"cameraMode":{"drawMode":0,"name":"Shaded","section":"Shading Mode"},"sceneLighting":true,"audioPlay":false,"sceneViewState":{"showFog":true,"showMaterialUpdate":false,"showSkybox":true,"showFlares":true,"showImageEffects":true,"showParticleSystems":true},"in2DMode":false,"pivot":{"x":-3.330728530883789,"y":-0.09956979751586914,"z":-7.4318108558654789},"rotation":{"x":0.024387061595916749,"y":-0.9750283360481262,"z":0.13779857754707337,"w":0.17256185412406922},"size":2.993758201599121,"orthographic":false}