{"cameraMode":{"drawMode":0,"name":"Shaded","section":"Shading Mode"},"sceneLighting":true,"audioPlay":false,"sceneViewState":{"showFog":true,"showMaterialUpdate":false,"showSkybox":true,"showFlares":true,"showImageEffects":true,"showParticleSystems":true},"in2DMode":false,"pivot":{"x":18.725202560424806,"y":9.270143508911133,"z":-13.607516288757325},"rotation":{"x":-0.03911084681749344,"y":-0.7085488438606262,"z":0.03934003412723541,"w":-0.7035139203071594},"size":8.814266204833985,"orthographic":false}